{"cameraMode":{"drawMode":0,"name":"Shaded","section":"Shading Mode"},"sceneLighting":false,"audioPlay":false,"sceneViewState":{"showFog":true,"showMaterialUpdate":false,"showSkybox":false,"showFlares":true,"showImageEffects":true,"showParticleSystems":true},"in2DMode":false,"pivot":{"x":-6.725698947906494,"y":-10.7157564163208,"z":-12.549947738647461},"rotation":{"x":-0.41760754585266116,"y":-0.002184157259762287,"z":0.0010009580291807652,"w":-0.9086296558380127},"size":10.552414894104004,"orthographic":false}